dataset,zero_subject,raw_subject_id,used_session_or_block,selected_raw_rows,selected_n,class_counts,notes
BNCI2014001-4,0,1,sessionT,0-287,288,"feet=72;left_hand=72;right_hand=72;tongue=72","source meta session_T / A01T.mat; 6 runs: 0-47,48-95,96-143,144-191,192-239,240-287"
BNCI2014001-4,1,2,sessionT,576-863,288,"feet=72;left_hand=72;right_hand=72;tongue=72","source meta session_T / A02T.mat; 6 runs: 576-623,624-671,672-719,720-767,768-815,816-863"
BNCI2014001-4,2,3,sessionT,1152-1439,288,"feet=72;left_hand=72;right_hand=72;tongue=72","source meta session_T / A03T.mat; 6 runs: 1152-1199,1200-1247,1248-1295,1296-1343,1344-1391,1392-1439"
BNCI2014001-4,3,4,sessionT,1728-2015,288,"feet=72;left_hand=72;right_hand=72;tongue=72","source meta session_T / A04T.mat; 6 runs: 1728-1775,1776-1823,1824-1871,1872-1919,1920-1967,1968-2015"
BNCI2014001-4,4,5,sessionT,2304-2591,288,"feet=72;left_hand=72;right_hand=72;tongue=72","source meta session_T / A05T.mat; 6 runs: 2304-2351,2352-2399,2400-2447,2448-2495,2496-2543,2544-2591"
BNCI2014001-4,5,6,sessionT,2880-3167,288,"feet=72;left_hand=72;right_hand=72;tongue=72","source meta session_T / A06T.mat; 6 runs: 2880-2927,2928-2975,2976-3023,3024-3071,3072-3119,3120-3167"
BNCI2014001-4,6,7,sessionT,3456-3743,288,"feet=72;left_hand=72;right_hand=72;tongue=72","source meta session_T / A07T.mat; 6 runs: 3456-3503,3504-3551,3552-3599,3600-3647,3648-3695,3696-3743"
BNCI2014001-4,7,8,sessionT,4032-4319,288,"feet=72;left_hand=72;right_hand=72;tongue=72","source meta session_T / A08T.mat; 6 runs: 4032-4079,4080-4127,4128-4175,4176-4223,4224-4271,4272-4319"
BNCI2014001-4,8,9,sessionT,4608-4895,288,"feet=72;left_hand=72;right_hand=72;tongue=72","source meta session_T / A09T.mat; 6 runs: 4608-4655,4656-4703,4704-4751,4752-4799,4800-4847,4848-4895"
BNCI2014004,0,1,session3,400-559,160,"left_hand=80;right_hand=80","source meta session_3; session_0/session_1/session_2 rows 0-399; session_4 rows 560-719 not used"
BNCI2014004,1,2,session3,1120-1239,120,"left_hand=60;right_hand=60","source meta session_3; session_0/session_1/session_2 rows 720-1119; session_4 rows 1240-1399 not used"
BNCI2014004,2,3,session3,1800-1959,160,"left_hand=80;right_hand=80","source meta session_3; session_0/session_1/session_2 rows 1400-1799; session_4 rows 1960-2119 not used"
BNCI2014004,3,4,session3,2540-2699,160,"left_hand=80;right_hand=80","source meta session_3; session_0/session_1/session_2 rows 2120-2539; session_4 rows 2700-2859 not used"
BNCI2014004,4,5,session3,3280-3439,160,"left_hand=80;right_hand=80","source meta session_3; session_0/session_1/session_2 rows 2860-3279; session_4 rows 3440-3599 not used"
BNCI2014004,5,6,session3,4000-4159,160,"left_hand=80;right_hand=80","source meta session_3; session_0/session_1/session_2 rows 3600-3999; session_4 rows 4160-4319 not used"
BNCI2014004,6,7,session3,4720-4879,160,"left_hand=80;right_hand=80","source meta session_3; session_0/session_1/session_2 rows 4320-4719; session_4 rows 4880-5039 not used"
BNCI2014004,7,8,session3,5480-5639,160,"left_hand=80;right_hand=80","source meta session_3; session_0/session_1/session_2 rows 5040-5479; session_4 rows 5640-5799 not used"
BNCI2014004,8,9,session3,6200-6359,160,"left_hand=80;right_hand=80","source meta session_3; session_0/session_1/session_2 rows 5800-6199; session_4 rows 6360-6519 not used"
BNCI2015001,0,1,session_A,0-199,200,"feet=100;right_hand=100","session_B rows 200-399 not used"
BNCI2015001,1,2,session_A,400-599,200,"feet=100;right_hand=100","session_B rows 600-799 not used"
BNCI2015001,2,3,session_A,800-999,200,"feet=100;right_hand=100","session_B rows 1000-1199 not used"
BNCI2015001,3,4,session_A,1200-1399,200,"feet=100;right_hand=100","session_B rows 1400-1599 not used"
BNCI2015001,4,5,session_A,1600-1799,200,"feet=100;right_hand=100","session_B rows 1800-1999 not used"
BNCI2015001,5,6,session_A,2000-2199,200,"feet=100;right_hand=100","session_B rows 2200-2399 not used"
BNCI2015001,6,7,session_A,2400-2599,200,"feet=100;right_hand=100","session_B rows 2600-2799 not used"
BNCI2015001,7,8,session_A,2800-2999,200,"feet=100;right_hand=100","session_B rows 3000-3199 and session_C rows 3200-3399 not used"
BNCI2015001,8,9,session_A,3400-3599,200,"feet=100;right_hand=100","session_B rows 3600-3799 and session_C rows 3800-3999 not used"
BNCI2015001,9,10,session_A,4000-4199,200,"feet=100;right_hand=100","session_B rows 4200-4399 and session_C rows 4400-4599 not used"
BNCI2015001,10,11,session_A,4600-4799,200,"feet=100;right_hand=100","session_B rows 4800-4999 and session_C rows 5000-5199 not used"
BNCI2015001,11,12,session_A,5200-5399,200,"feet=100;right_hand=100","session_B rows 5400-5599 not used"
AlexMI,0,1,session_0_run_0_non_rest,"0-3;5-11;14;19;21-25;28-29;31-35;38;40-41;43;45-47;49;51-55;58-59",40,"feet=20;right_hand=20","raw block 0-59; rest rows dropped"
AlexMI,1,2,session_0_run_0_non_rest,"61-63;66-68;70-71;75-78;80-85;87-88;90-91;93-96;98;101-102;104-105;107-110;112-113;116-117;119",40,"feet=20;right_hand=20","raw block 60-119; rest rows dropped"
AlexMI,2,3,session_0_run_0_non_rest,"121-123;126-128;130-131;135-138;140-145;147-148;150-151;153-156;158;161-162;164-165;167-170;172-173;176-177;179",40,"feet=20;right_hand=20","raw block 120-179; rest rows dropped"
AlexMI,3,4,session_0_run_0_non_rest,"181-183;186-188;190-191;195-198;200-205;207-208;210-211;213-216;218;221-222;224-225;227-230;232-233;236-237;239",40,"feet=20;right_hand=20","raw block 180-239; rest rows dropped"
AlexMI,4,5,session_0_run_0_non_rest,"240-245;248-249;251-252;256-257;261-262;264-272;274-275;277;279;282-286;288;290-292;294;296-298",40,"feet=20;right_hand=20","raw block 240-299; rest rows dropped"
AlexMI,5,6,session_0_run_0_non_rest,"302;304;306-308;310-316;318-321;323-324;327-328;332-334;336-339;341-344;346-347;349;351;353-355;357-358",40,"feet=20;right_hand=20","raw block 300-359; rest rows dropped"
AlexMI,6,7,session_0_run_0_non_rest,"360-361;364-366;368;370-373;375-376;379-380;382-385;387-388;390-392;395-403;405-408;410;412;414;416",40,"feet=20;right_hand=20","raw block 360-419; rest rows dropped"
AlexMI,7,8,session_0_run_0_non_rest,"420-422;424-425;427-429;431-432;434;436-437;439-442;446-447;449;451-452;454-458;460;463-465;467;469;471-472;474;476-479",40,"feet=20;right_hand=20","raw block 420-479; rest rows dropped"
