task_dataset,test_subject,zero_fold,train_subjects,n_train,n_test,train_class_counts,test_class_counts,seeds,num_classes,native_channels,canonical_fs_hz,canonical_samples,window_label,main_reuse_candidate
BNCI2014001,1,0,"[2, 3, 4, 5, 6, 7, 8, 9]",1152,144,"{""left_hand"": 576, ""right_hand"": 576}","{""left_hand"": 72, ""right_hand"": 72}","[666, 667, 668]",2,22,250,1000,4s_from_acquired_signal,new_run
BNCI2014001,2,1,"[1, 3, 4, 5, 6, 7, 8, 9]",1152,144,"{""left_hand"": 576, ""right_hand"": 576}","{""left_hand"": 72, ""right_hand"": 72}","[666, 667, 668]",2,22,250,1000,4s_from_acquired_signal,new_run
BNCI2014001,3,2,"[1, 2, 4, 5, 6, 7, 8, 9]",1152,144,"{""left_hand"": 576, ""right_hand"": 576}","{""left_hand"": 72, ""right_hand"": 72}","[666, 667, 668]",2,22,250,1000,4s_from_acquired_signal,new_run
BNCI2014001,4,3,"[1, 2, 3, 5, 6, 7, 8, 9]",1152,144,"{""left_hand"": 576, ""right_hand"": 576}","{""left_hand"": 72, ""right_hand"": 72}","[666, 667, 668]",2,22,250,1000,4s_from_acquired_signal,new_run
BNCI2014001,5,4,"[1, 2, 3, 4, 6, 7, 8, 9]",1152,144,"{""left_hand"": 576, ""right_hand"": 576}","{""left_hand"": 72, ""right_hand"": 72}","[666, 667, 668]",2,22,250,1000,4s_from_acquired_signal,new_run
BNCI2014001,6,5,"[1, 2, 3, 4, 5, 7, 8, 9]",1152,144,"{""left_hand"": 576, ""right_hand"": 576}","{""left_hand"": 72, ""right_hand"": 72}","[666, 667, 668]",2,22,250,1000,4s_from_acquired_signal,new_run
BNCI2014001,7,6,"[1, 2, 3, 4, 5, 6, 8, 9]",1152,144,"{""left_hand"": 576, ""right_hand"": 576}","{""left_hand"": 72, ""right_hand"": 72}","[666, 667, 668]",2,22,250,1000,4s_from_acquired_signal,new_run
BNCI2014001,8,7,"[1, 2, 3, 4, 5, 6, 7, 9]",1152,144,"{""left_hand"": 576, ""right_hand"": 576}","{""left_hand"": 72, ""right_hand"": 72}","[666, 667, 668]",2,22,250,1000,4s_from_acquired_signal,new_run
BNCI2014001,9,8,"[1, 2, 3, 4, 5, 6, 7, 8]",1152,144,"{""left_hand"": 576, ""right_hand"": 576}","{""left_hand"": 72, ""right_hand"": 72}","[666, 667, 668]",2,22,250,1000,4s_from_acquired_signal,new_run
BNCI2014001-4,1,0,"[2, 3, 4, 5, 6, 7, 8, 9]",2304,288,"{""feet"": 576, ""left_hand"": 576, ""right_hand"": 576, ""tongue"": 576}","{""feet"": 72, ""left_hand"": 72, ""right_hand"": 72, ""tongue"": 72}","[666, 667, 668]",4,22,250,1000,4s_from_acquired_signal,new_run
BNCI2014001-4,2,1,"[1, 3, 4, 5, 6, 7, 8, 9]",2304,288,"{""feet"": 576, ""left_hand"": 576, ""right_hand"": 576, ""tongue"": 576}","{""feet"": 72, ""left_hand"": 72, ""right_hand"": 72, ""tongue"": 72}","[666, 667, 668]",4,22,250,1000,4s_from_acquired_signal,new_run
BNCI2014001-4,3,2,"[1, 2, 4, 5, 6, 7, 8, 9]",2304,288,"{""feet"": 576, ""left_hand"": 576, ""right_hand"": 576, ""tongue"": 576}","{""feet"": 72, ""left_hand"": 72, ""right_hand"": 72, ""tongue"": 72}","[666, 667, 668]",4,22,250,1000,4s_from_acquired_signal,new_run
BNCI2014001-4,4,3,"[1, 2, 3, 5, 6, 7, 8, 9]",2304,288,"{""feet"": 576, ""left_hand"": 576, ""right_hand"": 576, ""tongue"": 576}","{""feet"": 72, ""left_hand"": 72, ""right_hand"": 72, ""tongue"": 72}","[666, 667, 668]",4,22,250,1000,4s_from_acquired_signal,new_run
BNCI2014001-4,5,4,"[1, 2, 3, 4, 6, 7, 8, 9]",2304,288,"{""feet"": 576, ""left_hand"": 576, ""right_hand"": 576, ""tongue"": 576}","{""feet"": 72, ""left_hand"": 72, ""right_hand"": 72, ""tongue"": 72}","[666, 667, 668]",4,22,250,1000,4s_from_acquired_signal,new_run
BNCI2014001-4,6,5,"[1, 2, 3, 4, 5, 7, 8, 9]",2304,288,"{""feet"": 576, ""left_hand"": 576, ""right_hand"": 576, ""tongue"": 576}","{""feet"": 72, ""left_hand"": 72, ""right_hand"": 72, ""tongue"": 72}","[666, 667, 668]",4,22,250,1000,4s_from_acquired_signal,new_run
BNCI2014001-4,7,6,"[1, 2, 3, 4, 5, 6, 8, 9]",2304,288,"{""feet"": 576, ""left_hand"": 576, ""right_hand"": 576, ""tongue"": 576}","{""feet"": 72, ""left_hand"": 72, ""right_hand"": 72, ""tongue"": 72}","[666, 667, 668]",4,22,250,1000,4s_from_acquired_signal,new_run
BNCI2014001-4,8,7,"[1, 2, 3, 4, 5, 6, 7, 9]",2304,288,"{""feet"": 576, ""left_hand"": 576, ""right_hand"": 576, ""tongue"": 576}","{""feet"": 72, ""left_hand"": 72, ""right_hand"": 72, ""tongue"": 72}","[666, 667, 668]",4,22,250,1000,4s_from_acquired_signal,new_run
BNCI2014001-4,9,8,"[1, 2, 3, 4, 5, 6, 7, 8]",2304,288,"{""feet"": 576, ""left_hand"": 576, ""right_hand"": 576, ""tongue"": 576}","{""feet"": 72, ""left_hand"": 72, ""right_hand"": 72, ""tongue"": 72}","[666, 667, 668]",4,22,250,1000,4s_from_acquired_signal,new_run
BNCI2014004,1,0,"[2, 3, 4, 5, 6, 7, 8, 9]",1240,160,"{""left_hand"": 620, ""right_hand"": 620}","{""left_hand"": 80, ""right_hand"": 80}","[666, 667, 668]",2,3,250,1000,4s_from_acquired_signal,completed_004_main
BNCI2014004,2,1,"[1, 3, 4, 5, 6, 7, 8, 9]",1280,120,"{""left_hand"": 640, ""right_hand"": 640}","{""left_hand"": 60, ""right_hand"": 60}","[666, 667, 668]",2,3,250,1000,4s_from_acquired_signal,completed_004_main
BNCI2014004,3,2,"[1, 2, 4, 5, 6, 7, 8, 9]",1240,160,"{""left_hand"": 620, ""right_hand"": 620}","{""left_hand"": 80, ""right_hand"": 80}","[666, 667, 668]",2,3,250,1000,4s_from_acquired_signal,completed_004_main
BNCI2014004,4,3,"[1, 2, 3, 5, 6, 7, 8, 9]",1240,160,"{""left_hand"": 620, ""right_hand"": 620}","{""left_hand"": 80, ""right_hand"": 80}","[666, 667, 668]",2,3,250,1000,4s_from_acquired_signal,completed_004_main
BNCI2014004,5,4,"[1, 2, 3, 4, 6, 7, 8, 9]",1240,160,"{""left_hand"": 620, ""right_hand"": 620}","{""left_hand"": 80, ""right_hand"": 80}","[666, 667, 668]",2,3,250,1000,4s_from_acquired_signal,completed_004_main
BNCI2014004,6,5,"[1, 2, 3, 4, 5, 7, 8, 9]",1240,160,"{""left_hand"": 620, ""right_hand"": 620}","{""left_hand"": 80, ""right_hand"": 80}","[666, 667, 668]",2,3,250,1000,4s_from_acquired_signal,completed_004_main
BNCI2014004,7,6,"[1, 2, 3, 4, 5, 6, 8, 9]",1240,160,"{""left_hand"": 620, ""right_hand"": 620}","{""left_hand"": 80, ""right_hand"": 80}","[666, 667, 668]",2,3,250,1000,4s_from_acquired_signal,completed_004_main
BNCI2014004,8,7,"[1, 2, 3, 4, 5, 6, 7, 9]",1240,160,"{""left_hand"": 620, ""right_hand"": 620}","{""left_hand"": 80, ""right_hand"": 80}","[666, 667, 668]",2,3,250,1000,4s_from_acquired_signal,completed_004_main
BNCI2014004,9,8,"[1, 2, 3, 4, 5, 6, 7, 8]",1240,160,"{""left_hand"": 620, ""right_hand"": 620}","{""left_hand"": 80, ""right_hand"": 80}","[666, 667, 668]",2,3,250,1000,4s_from_acquired_signal,completed_004_main
BNCI2015001,1,0,"[2, 3, 4, 5, 6, 7, 8, 9, 10, 11, 12]",2200,200,"{""feet"": 1100, ""right_hand"": 1100}","{""feet"": 100, ""right_hand"": 100}","[666, 667, 668]",2,13,250,1000,4s_from_acquired_signal,new_run
BNCI2015001,2,1,"[1, 3, 4, 5, 6, 7, 8, 9, 10, 11, 12]",2200,200,"{""feet"": 1100, ""right_hand"": 1100}","{""feet"": 100, ""right_hand"": 100}","[666, 667, 668]",2,13,250,1000,4s_from_acquired_signal,new_run
BNCI2015001,3,2,"[1, 2, 4, 5, 6, 7, 8, 9, 10, 11, 12]",2200,200,"{""feet"": 1100, ""right_hand"": 1100}","{""feet"": 100, ""right_hand"": 100}","[666, 667, 668]",2,13,250,1000,4s_from_acquired_signal,new_run
BNCI2015001,4,3,"[1, 2, 3, 5, 6, 7, 8, 9, 10, 11, 12]",2200,200,"{""feet"": 1100, ""right_hand"": 1100}","{""feet"": 100, ""right_hand"": 100}","[666, 667, 668]",2,13,250,1000,4s_from_acquired_signal,new_run
BNCI2015001,5,4,"[1, 2, 3, 4, 6, 7, 8, 9, 10, 11, 12]",2200,200,"{""feet"": 1100, ""right_hand"": 1100}","{""feet"": 100, ""right_hand"": 100}","[666, 667, 668]",2,13,250,1000,4s_from_acquired_signal,new_run
BNCI2015001,6,5,"[1, 2, 3, 4, 5, 7, 8, 9, 10, 11, 12]",2200,200,"{""feet"": 1100, ""right_hand"": 1100}","{""feet"": 100, ""right_hand"": 100}","[666, 667, 668]",2,13,250,1000,4s_from_acquired_signal,new_run
BNCI2015001,7,6,"[1, 2, 3, 4, 5, 6, 8, 9, 10, 11, 12]",2200,200,"{""feet"": 1100, ""right_hand"": 1100}","{""feet"": 100, ""right_hand"": 100}","[666, 667, 668]",2,13,250,1000,4s_from_acquired_signal,new_run
BNCI2015001,8,7,"[1, 2, 3, 4, 5, 6, 7, 9, 10, 11, 12]",2200,200,"{""feet"": 1100, ""right_hand"": 1100}","{""feet"": 100, ""right_hand"": 100}","[666, 667, 668]",2,13,250,1000,4s_from_acquired_signal,new_run
BNCI2015001,9,8,"[1, 2, 3, 4, 5, 6, 7, 8, 10, 11, 12]",2200,200,"{""feet"": 1100, ""right_hand"": 1100}","{""feet"": 100, ""right_hand"": 100}","[666, 667, 668]",2,13,250,1000,4s_from_acquired_signal,new_run
BNCI2015001,10,9,"[1, 2, 3, 4, 5, 6, 7, 8, 9, 11, 12]",2200,200,"{""feet"": 1100, ""right_hand"": 1100}","{""feet"": 100, ""right_hand"": 100}","[666, 667, 668]",2,13,250,1000,4s_from_acquired_signal,new_run
BNCI2015001,11,10,"[1, 2, 3, 4, 5, 6, 7, 8, 9, 10, 12]",2200,200,"{""feet"": 1100, ""right_hand"": 1100}","{""feet"": 100, ""right_hand"": 100}","[666, 667, 668]",2,13,250,1000,4s_from_acquired_signal,new_run
BNCI2015001,12,11,"[1, 2, 3, 4, 5, 6, 7, 8, 9, 10, 11]",2200,200,"{""feet"": 1100, ""right_hand"": 1100}","{""feet"": 100, ""right_hand"": 100}","[666, 667, 668]",2,13,250,1000,4s_from_acquired_signal,new_run
AlexMI,1,0,"[2, 3, 4, 5, 6, 7, 8]",280,40,"{""feet"": 140, ""right_hand"": 140}","{""feet"": 20, ""right_hand"": 20}","[666, 667, 668]",2,16,250,1000,3s_plus_1s_repeat,new_run
AlexMI,2,1,"[1, 3, 4, 5, 6, 7, 8]",280,40,"{""feet"": 140, ""right_hand"": 140}","{""feet"": 20, ""right_hand"": 20}","[666, 667, 668]",2,16,250,1000,3s_plus_1s_repeat,new_run
AlexMI,3,2,"[1, 2, 4, 5, 6, 7, 8]",280,40,"{""feet"": 140, ""right_hand"": 140}","{""feet"": 20, ""right_hand"": 20}","[666, 667, 668]",2,16,250,1000,3s_plus_1s_repeat,new_run
AlexMI,4,3,"[1, 2, 3, 5, 6, 7, 8]",280,40,"{""feet"": 140, ""right_hand"": 140}","{""feet"": 20, ""right_hand"": 20}","[666, 667, 668]",2,16,250,1000,3s_plus_1s_repeat,new_run
AlexMI,5,4,"[1, 2, 3, 4, 6, 7, 8]",280,40,"{""feet"": 140, ""right_hand"": 140}","{""feet"": 20, ""right_hand"": 20}","[666, 667, 668]",2,16,250,1000,3s_plus_1s_repeat,new_run
AlexMI,6,5,"[1, 2, 3, 4, 5, 7, 8]",280,40,"{""feet"": 140, ""right_hand"": 140}","{""feet"": 20, ""right_hand"": 20}","[666, 667, 668]",2,16,250,1000,3s_plus_1s_repeat,new_run
AlexMI,7,6,"[1, 2, 3, 4, 5, 6, 8]",280,40,"{""feet"": 140, ""right_hand"": 140}","{""feet"": 20, ""right_hand"": 20}","[666, 667, 668]",2,16,250,1000,3s_plus_1s_repeat,new_run
AlexMI,8,7,"[1, 2, 3, 4, 5, 6, 7]",280,40,"{""feet"": 140, ""right_hand"": 140}","{""feet"": 20, ""right_hand"": 20}","[666, 667, 668]",2,16,250,1000,3s_plus_1s_repeat,new_run
